"customername","email","phone","birthday","serialnumber","registrationdate","lastupdatedate","sharewithresearchasofdate","sharewithpublicasofdate"
"Bobby Davis","Bobby.Davis@test.com","8015551212","1965-01-01","5d9bf1f7-0492-4bac-842b-3ed958fa5ba1","1655296152388","1655296201423",,"1655296201423"
"Bobby Davis","Bobby.Davis@test.com","8015551212","1965-01-01","5d9bf1f7-0492-4bac-842b-3ed958fa5ba1","1655296152388","1655296290698",,"1655296290698"
"Bobby Davis","Bobby.Davis@test.com","8015551212","1965-01-01","5d9bf1f7-0492-4bac-842b-3ed958fa5ba1","1655296152388","1655296197428",,
"Bobby Davis","Bobby.Davis@test.com","8015551212","1965-01-01","5d9bf1f7-0492-4bac-842b-3ed958fa5ba1","1655296152388","1655296350155",,
"Bobby Davis","Bobby.Davis@test.com","8015551212","1965-01-01","5d9bf1f7-0492-4bac-842b-3ed958fa5ba1","1655296152388","1655296341391",,"1655296341391"
"Bobby Davis","Bobby.Davis@test.com","8015551212","1965-01-01","5d9bf1f7-0492-4bac-842b-3ed958fa5ba1","1655296152388","1655296387566",,
"Bobby Davis","Bobby.Davis@test.com","8015551212","1965-01-01","5d9bf1f7-0492-4bac-842b-3ed958fa5ba1","1655296152388","1655296270910",,"1655296270910"
"Bobby Davis","Bobby.Davis@test.com","8015551212","1965-01-01","5d9bf1f7-0492-4bac-842b-3ed958fa5ba1","1655296152388","1655296285701",,"1655296285701"
"Bobby Davis","Bobby.Davis@test.com","8015551212","1965-01-01","5d9bf1f7-0492-4bac-842b-3ed958fa5ba1","1655296152388","1655296203834",,"1655296203834"
"Bobby Davis","Bobby.Davis@test.com","8015551212","1965-01-01","5d9bf1f7-0492-4bac-842b-3ed958fa5ba1","1655296152388","1655296324361",,
"Bobby Davis","Bobby.Davis@test.com","8015551212","1965-01-01","5d9bf1f7-0492-4bac-842b-3ed958fa5ba1","1655296152388","1655296196917",,"1655296196917"
"Bobby Davis","Bobby.Davis@test.com","8015551212","1965-01-01","5d9bf1f7-0492-4bac-842b-3ed958fa5ba1","1655296152388","1655296223088",,
"Bobby Davis","Bobby.Davis@test.com","8015551212","1965-01-01","5d9bf1f7-0492-4bac-842b-3ed958fa5ba1","1655296152388","1655296200991",,"1655296200991"
"Bobby Davis","Bobby.Davis@test.com","8015551212","1965-01-01","5d9bf1f7-0492-4bac-842b-3ed958fa5ba1","1655296152388","1655296375901",,"1655296375901"
"Bobby Davis","Bobby.Davis@test.com","8015551212","1965-01-01","5d9bf1f7-0492-4bac-842b-3ed958fa5ba1","1655296152388","1655296234122",,"1655296234122"
"Bobby Davis","Bobby.Davis@test.com","8015551212","1965-01-01","5d9bf1f7-0492-4bac-842b-3ed958fa5ba1","1655296152388","1655296315589",,"1655296315589"
"Bobby Davis","Bobby.Davis@test.com","8015551212","1965-01-01","5d9bf1f7-0492-4bac-842b-3ed958fa5ba1","1655296152388","1655296200344",,"1655296200344"
"Bobby Davis","Bobby.Davis@test.com","8015551212","1965-01-01","5d9bf1f7-0492-4bac-842b-3ed958fa5ba1","1655296152388","1655296269009",,"1655296269009"
"Bobby Davis","Bobby.Davis@test.com","8015551212","1965-01-01","5d9bf1f7-0492-4bac-842b-3ed958fa5ba1","1655296152388","1655296248583",,
"Bobby Davis","Bobby.Davis@test.com","8015551212","1965-01-01","5d9bf1f7-0492-4bac-842b-3ed958fa5ba1","1655296152388","1655296293512",,
"Bobby Davis","Bobby.Davis@test.com","8015551212","1965-01-01","5d9bf1f7-0492-4bac-842b-3ed958fa5ba1","1655296152388","1655296231583",,
"Bobby Davis","Bobby.Davis@test.com","8015551212","1965-01-01","5d9bf1f7-0492-4bac-842b-3ed958fa5ba1","1655296152388","1655296286031",,"1655296286031"
"Bobby Davis","Bobby.Davis@test.com","8015551212","1965-01-01","5d9bf1f7-0492-4bac-842b-3ed958fa5ba1","1655296152388","1655296360149",,"1655296360149"
"Bobby Davis","Bobby.Davis@test.com","8015551212","1965-01-01","5d9bf1f7-0492-4bac-842b-3ed958fa5ba1","1655296152388","1655296294768",,"1655296294768"
"Bobby Davis","Bobby.Davis@test.com","8015551212","1965-01-01","5d9bf1f7-0492-4bac-842b-3ed958fa5ba1","1655296152388","1655296200920",,"1655296200920"
"Bobby Davis","Bobby.Davis@test.com","8015551212","1965-01-01","5d9bf1f7-0492-4bac-842b-3ed958fa5ba1","1655296152388","1655296307680",,"1655296307680"
"Bobby Davis","Bobby.Davis@test.com","8015551212","1965-01-01","5d9bf1f7-0492-4bac-842b-3ed958fa5ba1","1655296152388","1655296256404",,
"Bobby Davis","Bobby.Davis@test.com","8015551212","1965-01-01","5d9bf1f7-0492-4bac-842b-3ed958fa5ba1","1655296152388","1655296253307",,
"Bobby Davis","Bobby.Davis@test.com","8015551212","1965-01-01","5d9bf1f7-0492-4bac-842b-3ed958fa5ba1","1655296152388","1655296251395",,
"Bobby Davis","Bobby.Davis@test.com","8015551212","1965-01-01","5d9bf1f7-0492-4bac-842b-3ed958fa5ba1","1655296152388","1655296201577",,"1655296201577"
"Bobby Davis","Bobby.Davis@test.com","8015551212","1965-01-01","5d9bf1f7-0492-4bac-842b-3ed958fa5ba1","1655296152388","1655296334780",,"1655296334780"
"Bobby Davis","Bobby.Davis@test.com","8015551212","1965-01-01","5d9bf1f7-0492-4bac-842b-3ed958fa5ba1","1655296152388","1655296314014",,
"Bobby Davis","Bobby.Davis@test.com","8015551212","1965-01-01","5d9bf1f7-0492-4bac-842b-3ed958fa5ba1","1655296152388","1655296206033",,"1655296206033"
"Bobby Davis","Bobby.Davis@test.com","8015551212","1965-01-01","5d9bf1f7-0492-4bac-842b-3ed958fa5ba1","1655296152388","1655296368375",,"1655296368375"
"Bobby Davis","Bobby.Davis@test.com","8015551212","1965-01-01","5d9bf1f7-0492-4bac-842b-3ed958fa5ba1","1655296152388","1655296348268",,
"Bobby Davis","Bobby.Davis@test.com","8015551212","1965-01-01","5d9bf1f7-0492-4bac-842b-3ed958fa5ba1","1655296152388","1655296198490",,
"Bobby Davis","Bobby.Davis@test.com","8015551212","1965-01-01","5d9bf1f7-0492-4bac-842b-3ed958fa5ba1","1655296152388","1655296308646",,
"Bobby Davis","Bobby.Davis@test.com","8015551212","1965-01-01","5d9bf1f7-0492-4bac-842b-3ed958fa5ba1","1655296152388","1655296325607",,
"Bobby Davis","Bobby.Davis@test.com","8015551212","1965-01-01","5d9bf1f7-0492-4bac-842b-3ed958fa5ba1","1655296152388","1655296309251",,"1655296309251"
"Bobby Davis","Bobby.Davis@test.com","8015551212","1965-01-01","5d9bf1f7-0492-4bac-842b-3ed958fa5ba1","1655296152388","1655296200541",,
"Bobby Davis","Bobby.Davis@test.com","8015551212","1965-01-01","5d9bf1f7-0492-4bac-842b-3ed958fa5ba1","1655296152388","1655296263396",,
"Bobby Davis","Bobby.Davis@test.com","8015551212","1965-01-01","5d9bf1f7-0492-4bac-842b-3ed958fa5ba1","1655296152388","1655296268413",,
"Bobby Davis","Bobby.Davis@test.com","8015551212","1965-01-01","5d9bf1f7-0492-4bac-842b-3ed958fa5ba1","1655296152388","1655296346358",,"1655296346358"
"Bobby Davis","Bobby.Davis@test.com","8015551212","1965-01-01","5d9bf1f7-0492-4bac-842b-3ed958fa5ba1","1655296152388","1655296240412",,"1655296240412"
"Bobby Davis","Bobby.Davis@test.com","8015551212","1965-01-01","5d9bf1f7-0492-4bac-842b-3ed958fa5ba1","1655296152388","1655296227498",,"1655296227498"
"Bobby Davis","Bobby.Davis@test.com","8015551212","1965-01-01","5d9bf1f7-0492-4bac-842b-3ed958fa5ba1","1655296152388","1655296201547",,
"Bobby Davis","Bobby.Davis@test.com","8015551212","1965-01-01","5d9bf1f7-0492-4bac-842b-3ed958fa5ba1","1655296152388","1655296326911",,
"Bobby Davis","Bobby.Davis@test.com","8015551212","1965-01-01","5d9bf1f7-0492-4bac-842b-3ed958fa5ba1","1655296152388","1655296320585",,
"Bobby Davis","Bobby.Davis@test.com","8015551212","1965-01-01","5d9bf1f7-0492-4bac-842b-3ed958fa5ba1","1655296152388","1655296367779",,
"Bobby Davis","Bobby.Davis@test.com","8015551212","1965-01-01","5d9bf1f7-0492-4bac-842b-3ed958fa5ba1","1655296152388","1655296344520",,"1655296344520"
"Bobby Davis","Bobby.Davis@test.com","8015551212","1965-01-01","5d9bf1f7-0492-4bac-842b-3ed958fa5ba1","1655296152388","1655296262800",,"1655296262800"
"Bobby Davis","Bobby.Davis@test.com","8015551212","1965-01-01","5d9bf1f7-0492-4bac-842b-3ed958fa5ba1","1655296152388","1655296232173",,"1655296232173"
"Bobby Davis","Bobby.Davis@test.com","8015551212","1965-01-01","5d9bf1f7-0492-4bac-842b-3ed958fa5ba1","1655296152388","1655296311756",,
"Bobby Davis","Bobby.Davis@test.com","8015551212","1965-01-01","5d9bf1f7-0492-4bac-842b-3ed958fa5ba1","1655296152388","1655296198008",,
"Bobby Davis","Bobby.Davis@test.com","8015551212","1965-01-01","5d9bf1f7-0492-4bac-842b-3ed958fa5ba1","1655296152388","1655296209541",,
"Bobby Davis","Bobby.Davis@test.com","8015551212","1965-01-01","5d9bf1f7-0492-4bac-842b-3ed958fa5ba1","1655296152388","1655296260517",,
"Bobby Davis","Bobby.Davis@test.com","8015551212","1965-01-01","5d9bf1f7-0492-4bac-842b-3ed958fa5ba1","1655296152388","1655296279055",,"1655296279055"
"Bobby Davis","Bobby.Davis@test.com","8015551212","1965-01-01","5d9bf1f7-0492-4bac-842b-3ed958fa5ba1","1655296152388","1655296282521",,"1655296282521"
"Bobby Davis","Bobby.Davis@test.com","8015551212","1965-01-01","5d9bf1f7-0492-4bac-842b-3ed958fa5ba1","1655296152388","1655296231256",,
"Bobby Davis","Bobby.Davis@test.com","8015551212","1965-01-01","5d9bf1f7-0492-4bac-842b-3ed958fa5ba1","1655296152388","1655296305491",,
"Bobby Davis","Bobby.Davis@test.com","8015551212","1965-01-01","5d9bf1f7-0492-4bac-842b-3ed958fa5ba1","1655296152388","1655296374049",,
"Bobby Davis","Bobby.Davis@test.com","8015551212","1965-01-01","5d9bf1f7-0492-4bac-842b-3ed958fa5ba1","1655296152388","1655296201122",,
"Bobby Davis","Bobby.Davis@test.com","8015551212","1965-01-01","5d9bf1f7-0492-4bac-842b-3ed958fa5ba1","1655296152388","1655296287575",,"1655296287575"
"Bobby Davis","Bobby.Davis@test.com","8015551212","1965-01-01","5d9bf1f7-0492-4bac-842b-3ed958fa5ba1","1655296152388","1655296383722",,
"Bobby Davis","Bobby.Davis@test.com","8015551212","1965-01-01","5d9bf1f7-0492-4bac-842b-3ed958fa5ba1","1655296152388","1655296201828",,
"Bobby Davis","Bobby.Davis@test.com","8015551212","1965-01-01","5d9bf1f7-0492-4bac-842b-3ed958fa5ba1","1655296152388","1655296233454",,"1655296233454"
"Bobby Davis","Bobby.Davis@test.com","8015551212","1965-01-01","5d9bf1f7-0492-4bac-842b-3ed958fa5ba1","1655296152388","1655296287879",,"1655296287879"
"Bobby Davis","Bobby.Davis@test.com","8015551212","1965-01-01","5d9bf1f7-0492-4bac-842b-3ed958fa5ba1","1655296152388","1655296339185",,"1655296339185"
"Bobby Davis","Bobby.Davis@test.com","8015551212","1965-01-01","5d9bf1f7-0492-4bac-842b-3ed958fa5ba1","1655296152388","1655296200384",,"1655296200384"
"Bobby Davis","Bobby.Davis@test.com","8015551212","1965-01-01","5d9bf1f7-0492-4bac-842b-3ed958fa5ba1","1655296152388","1655296369951",,"1655296369951"
"Bobby Davis","Bobby.Davis@test.com","8015551212","1965-01-01","5d9bf1f7-0492-4bac-842b-3ed958fa5ba1","1655296152388","1655296367104",,
"Bobby Davis","Bobby.Davis@test.com","8015551212","1965-01-01","5d9bf1f7-0492-4bac-842b-3ed958fa5ba1","1655296152388","1655296245725",,"1655296245725"
"Bobby Davis","Bobby.Davis@test.com","8015551212","1965-01-01","5d9bf1f7-0492-4bac-842b-3ed958fa5ba1","1655296152388","1655296347345",,
"Bobby Davis","Bobby.Davis@test.com","8015551212","1965-01-01","5d9bf1f7-0492-4bac-842b-3ed958fa5ba1","1655296152388","1655296292871",,
"Bobby Davis","Bobby.Davis@test.com","8015551212","1965-01-01","5d9bf1f7-0492-4bac-842b-3ed958fa5ba1","1655296152388","1655296359241",,"1655296359241"
"Bobby Davis","Bobby.Davis@test.com","8015551212","1965-01-01","5d9bf1f7-0492-4bac-842b-3ed958fa5ba1","1655296152388","1655296241978",,
"Bobby Davis","Bobby.Davis@test.com","8015551212","1965-01-01","5d9bf1f7-0492-4bac-842b-3ed958fa5ba1","1655296152388","1655296337273",,"1655296337273"
"Bobby Davis","Bobby.Davis@test.com","8015551212","1965-01-01","5d9bf1f7-0492-4bac-842b-3ed958fa5ba1","1655296152388","1655296199579",,
"Bobby Davis","Bobby.Davis@test.com","8015551212","1965-01-01","5d9bf1f7-0492-4bac-842b-3ed958fa5ba1","1655296152388","1655296247312",,
"Bobby Davis","Bobby.Davis@test.com","8015551212","1965-01-01","5d9bf1f7-0492-4bac-842b-3ed958fa5ba1","1655296152388","1655296285089",,"1655296285089"
"Bobby Davis","Bobby.Davis@test.com","8015551212","1965-01-01","5d9bf1f7-0492-4bac-842b-3ed958fa5ba1","1655296152388","1655296200965",,"1655296200965"
"Bobby Davis","Bobby.Davis@test.com","8015551212","1965-01-01","5d9bf1f7-0492-4bac-842b-3ed958fa5ba1","1655296152388","1655296194320",,
"Bobby Davis","Bobby.Davis@test.com","8015551212","1965-01-01","5d9bf1f7-0492-4bac-842b-3ed958fa5ba1","1655296152388","1655296246375",,"1655296246375"
"Bobby Davis","Bobby.Davis@test.com","8015551212","1965-01-01","5d9bf1f7-0492-4bac-842b-3ed958fa5ba1","1655296152388","1655296200942",,
"Bobby Davis","Bobby.Davis@test.com","8015551212","1965-01-01","5d9bf1f7-0492-4bac-842b-3ed958fa5ba1","1655296152388","1655296320910",,"1655296320910"
"Bobby Davis","Bobby.Davis@test.com","8015551212","1965-01-01","5d9bf1f7-0492-4bac-842b-3ed958fa5ba1","1655296152388","1655296257655",,
"Bobby Davis","Bobby.Davis@test.com","8015551212","1965-01-01","5d9bf1f7-0492-4bac-842b-3ed958fa5ba1","1655296152388","1655296235997",,"1655296235997"
"Bobby Davis","Bobby.Davis@test.com","8015551212","1965-01-01","5d9bf1f7-0492-4bac-842b-3ed958fa5ba1","1655296152388","1655296329763",,
"Bobby Davis","Bobby.Davis@test.com","8015551212","1965-01-01","5d9bf1f7-0492-4bac-842b-3ed958fa5ba1","1655296152388","1655296284433",,"1655296284433"
"Bobby Davis","Bobby.Davis@test.com","8015551212","1965-01-01","5d9bf1f7-0492-4bac-842b-3ed958fa5ba1","1655296152388","1655296222483",,
"Bobby Davis","Bobby.Davis@test.com","8015551212","1965-01-01","5d9bf1f7-0492-4bac-842b-3ed958fa5ba1","1655296152388","1655296245112",,"1655296245112"
"Bobby Davis","Bobby.Davis@test.com","8015551212","1965-01-01","5d9bf1f7-0492-4bac-842b-3ed958fa5ba1","1655296152388","1655296220893",,
"Bobby Davis","Bobby.Davis@test.com","8015551212","1965-01-01","5d9bf1f7-0492-4bac-842b-3ed958fa5ba1","1655296152388","1655296200809",,"1655296200809"
"Santosh Ahmed","Santosh.Ahmed@test.com","8015551212","1965-01-01","63284569-5248-4cc8-997d-ece08a04c35c","1655564370302","1655564446760",,"1655564446760"
"Bobby Davis","Bobby.Davis@test.com","8015551212","1965-01-01","5d9bf1f7-0492-4bac-842b-3ed958fa5ba1","1655296152388","1655296370866",,"1655296370866"
"Bobby Davis","Bobby.Davis@test.com","8015551212","1965-01-01","5d9bf1f7-0492-4bac-842b-3ed958fa5ba1","1655296152388","1655296302020",,"1655296302020"
"Bobby Davis","Bobby.Davis@test.com","8015551212","1965-01-01","5d9bf1f7-0492-4bac-842b-3ed958fa5ba1","1655296152388","1655296215559",,
"Bobby Davis","Bobby.Davis@test.com","8015551212","1965-01-01","5d9bf1f7-0492-4bac-842b-3ed958fa5ba1","1655296152388","1655296244471",,"1655296244471"
"Bobby Davis","Bobby.Davis@test.com","8015551212","1965-01-01","5d9bf1f7-0492-4bac-842b-3ed958fa5ba1","1655296152388","1655296317160",,"1655296317160"
"Bobby Davis","Bobby.Davis@test.com","8015551212","1965-01-01","5d9bf1f7-0492-4bac-842b-3ed958fa5ba1","1655296152388","1655296308920",,
"Bobby Davis","Bobby.Davis@test.com","8015551212","1965-01-01","5d9bf1f7-0492-4bac-842b-3ed958fa5ba1","1655296152388","1655296371195",,
"Bobby Davis","Bobby.Davis@test.com","8015551212","1965-01-01","5d9bf1f7-0492-4bac-842b-3ed958fa5ba1","1655296152388","1655296296695",,
"Bobby Davis","Bobby.Davis@test.com","8015551212","1965-01-01","5d9bf1f7-0492-4bac-842b-3ed958fa5ba1","1655296152388","1655296228429",,
"Bobby Davis","Bobby.Davis@test.com","8015551212","1965-01-01","5d9bf1f7-0492-4bac-842b-3ed958fa5ba1","1655296152388","1655296201358",,
"Bobby Davis","Bobby.Davis@test.com","8015551212","1965-01-01","5d9bf1f7-0492-4bac-842b-3ed958fa5ba1","1655296152388","1655296266843",,
"Bobby Davis","Bobby.Davis@test.com","8015551212","1965-01-01","5d9bf1f7-0492-4bac-842b-3ed958fa5ba1","1655296152388","1655296284771",,"1655296284771"
"Bobby Davis","Bobby.Davis@test.com","8015551212","1965-01-01","5d9bf1f7-0492-4bac-842b-3ed958fa5ba1","1655296152388","1655296240700",,
"Bobby Davis","Bobby.Davis@test.com","8015551212","1965-01-01","5d9bf1f7-0492-4bac-842b-3ed958fa5ba1","1655296152388","1655296201811",,"1655296201811"
"Bobby Davis","Bobby.Davis@test.com","8015551212","1965-01-01","5d9bf1f7-0492-4bac-842b-3ed958fa5ba1","1655296152388","1655296232506",,
"Bobby Davis","Bobby.Davis@test.com","8015551212","1965-01-01","5d9bf1f7-0492-4bac-842b-3ed958fa5ba1","1655296152388","1655296250808",,"1655296250808"
"Bobby Davis","Bobby.Davis@test.com","8015551212","1965-01-01","5d9bf1f7-0492-4bac-842b-3ed958fa5ba1","1655296152388","1655296200104",,
"Bobby Davis","Bobby.Davis@test.com","8015551212","1965-01-01","5d9bf1f7-0492-4bac-842b-3ed958fa5ba1","1655296152388","1655296219649",,
"Bobby Davis","Bobby.Davis@test.com","8015551212","1965-01-01","5d9bf1f7-0492-4bac-842b-3ed958fa5ba1","1655296152388","1655296237227",,
"Bobby Davis","Bobby.Davis@test.com","8015551212","1965-01-01","5d9bf1f7-0492-4bac-842b-3ed958fa5ba1","1655296152388","1655296201265",,
"Bobby Davis","Bobby.Davis@test.com","8015551212","1965-01-01","5d9bf1f7-0492-4bac-842b-3ed958fa5ba1","1655296152388","1655296331935",,"1655296331935"
"Bobby Davis","Bobby.Davis@test.com","8015551212","1965-01-01","5d9bf1f7-0492-4bac-842b-3ed958fa5ba1","1655296152388","1655296235038",,
"Bobby Davis","Bobby.Davis@test.com","8015551212","1965-01-01","5d9bf1f7-0492-4bac-842b-3ed958fa5ba1","1655296152388","1655296352650",,
"Bobby Davis","Bobby.Davis@test.com","8015551212","1965-01-01","5d9bf1f7-0492-4bac-842b-3ed958fa5ba1","1655296152388","1655296192866",,
"Bobby Davis","Bobby.Davis@test.com","8015551212","1965-01-01","5d9bf1f7-0492-4bac-842b-3ed958fa5ba1","1655296152388","1655296225275",,
"Bobby Davis","Bobby.Davis@test.com","8015551212","1965-01-01","5d9bf1f7-0492-4bac-842b-3ed958fa5ba1","1655296152388","1655296334457",,
"Bobby Davis","Bobby.Davis@test.com","8015551212","1965-01-01","5d9bf1f7-0492-4bac-842b-3ed958fa5ba1","1655296152388","1655296327185",,
"Bobby Davis","Bobby.Davis@test.com","8015551212","1965-01-01","5d9bf1f7-0492-4bac-842b-3ed958fa5ba1","1655296152388","1655296293842",,"1655296293842"
"Bobby Davis","Bobby.Davis@test.com","8015551212","1965-01-01","5d9bf1f7-0492-4bac-842b-3ed958fa5ba1","1655296152388","1655296363035",,
"Bobby Davis","Bobby.Davis@test.com","8015551212","1965-01-01","5d9bf1f7-0492-4bac-842b-3ed958fa5ba1","1655296152388","1655296201244",,
"Bobby Davis","Bobby.Davis@test.com","8015551212","1965-01-01","5d9bf1f7-0492-4bac-842b-3ed958fa5ba1","1655296152388","1655296372185",,"1655296372185"
"Edward Lincoln","Edward.Lincoln@test.com","8015551212","1965-01-01","64f4bf35-626a-4b18-99e7-b7462ccf51d4","1655563924060","1655563924060",,"1655563924060"
"Bobby Davis","Bobby.Davis@test.com","8015551212","1965-01-01","5d9bf1f7-0492-4bac-842b-3ed958fa5ba1","1655296152388","1655296375589",,
"Bobby Davis","Bobby.Davis@test.com","8015551212","1965-01-01","5d9bf1f7-0492-4bac-842b-3ed958fa5ba1","1655296152388","1655296322180",,
"Bobby Davis","Bobby.Davis@test.com","8015551212","1965-01-01","5d9bf1f7-0492-4bac-842b-3ed958fa5ba1","1655296152388","1655296296972",,
"Bobby Davis","Bobby.Davis@test.com","8015551212","1965-01-01","5d9bf1f7-0492-4bac-842b-3ed958fa5ba1","1655296152388","1655296241662",,
"Bobby Davis","Bobby.Davis@test.com","8015551212","1965-01-01","5d9bf1f7-0492-4bac-842b-3ed958fa5ba1","1655296152388","1655296201884",,
"Bobby Davis","Bobby.Davis@test.com","8015551212","1965-01-01","5d9bf1f7-0492-4bac-842b-3ed958fa5ba1","1655296152388","1655296230324",,
"Bobby Davis","Bobby.Davis@test.com","8015551212","1965-01-01","5d9bf1f7-0492-4bac-842b-3ed958fa5ba1","1655296152388","1655296289771",,"1655296289771"
"Bobby Davis","Bobby.Davis@test.com","8015551212","1965-01-01","5d9bf1f7-0492-4bac-842b-3ed958fa5ba1","1655296152388","1655296214565",,"1655296214565"
"Bobby Davis","Bobby.Davis@test.com","8015551212","1965-01-01","5d9bf1f7-0492-4bac-842b-3ed958fa5ba1","1655296152388","1655296383394",,"1655296383394"
"Bobby Davis","Bobby.Davis@test.com","8015551212","1965-01-01","5d9bf1f7-0492-4bac-842b-3ed958fa5ba1","1655296152388","1655296202242",,
"Frank Doshi","Frank.Doshi@test.com","8015551212","1965-01-01","159a908a-371e-40c1-ba92-dcdea483a6a2","1655293787680","1655295864821",,
"Bobby Davis","Bobby.Davis@test.com","8015551212","1965-01-01","5d9bf1f7-0492-4bac-842b-3ed958fa5ba1","1655296152388","1655296377780",,
"Bobby Davis","Bobby.Davis@test.com","8015551212","1965-01-01","5d9bf1f7-0492-4bac-842b-3ed958fa5ba1","1655296152388","1655296348588",,
"Bobby Davis","Bobby.Davis@test.com","8015551212","1965-01-01","5d9bf1f7-0492-4bac-842b-3ed958fa5ba1","1655296152388","1655296201441",,"1655296201441"
"Bobby Davis","Bobby.Davis@test.com","8015551212","1965-01-01","5d9bf1f7-0492-4bac-842b-3ed958fa5ba1","1655296152388","1655296339779",,"1655296339779"
"Bobby Davis","Bobby.Davis@test.com","8015551212","1965-01-01","5d9bf1f7-0492-4bac-842b-3ed958fa5ba1","1655296152388","1655296343548",,"1655296343548"
"Bobby Davis","Bobby.Davis@test.com","8015551212","1965-01-01","5d9bf1f7-0492-4bac-842b-3ed958fa5ba1","1655296152388","1655296342316",,"1655296342316"
"Bobby Davis","Bobby.Davis@test.com","8015551212","1965-01-01","5d9bf1f7-0492-4bac-842b-3ed958fa5ba1","1655296152388","1655296323101",,"1655296323101"
"Bobby Davis","Bobby.Davis@test.com","8015551212","1965-01-01","5d9bf1f7-0492-4bac-842b-3ed958fa5ba1","1655296152388","1655296244778",,"1655296244778"
"Bobby Davis","Bobby.Davis@test.com","8015551212","1965-01-01","5d9bf1f7-0492-4bac-842b-3ed958fa5ba1","1655296152388","1655296198189",,"1655296198189"
"Bobby Davis","Bobby.Davis@test.com","8015551212","1965-01-01","5d9bf1f7-0492-4bac-842b-3ed958fa5ba1","1655296152388","1655296317772",,
"Bobby Davis","Bobby.Davis@test.com","8015551212","1965-01-01","5d9bf1f7-0492-4bac-842b-3ed958fa5ba1","1655296152388","1655296332867",,"1655296332867"
"Bobby Davis","Bobby.Davis@test.com","8015551212","1965-01-01","5d9bf1f7-0492-4bac-842b-3ed958fa5ba1","1655296152388","1655296364280",,
"Bobby Davis","Bobby.Davis@test.com","8015551212","1965-01-01","5d9bf1f7-0492-4bac-842b-3ed958fa5ba1","1655296152388","1655296291954",,
"Bobby Davis","Bobby.Davis@test.com","8015551212","1965-01-01","5d9bf1f7-0492-4bac-842b-3ed958fa5ba1","1655296152388","1655296193554",,"1655296193554"
"Bobby Davis","Bobby.Davis@test.com","8015551212","1965-01-01","5d9bf1f7-0492-4bac-842b-3ed958fa5ba1","1655296152388","1655296194153",,"1655296194153"
"Bobby Davis","Bobby.Davis@test.com","8015551212","1965-01-01","5d9bf1f7-0492-4bac-842b-3ed958fa5ba1","1655296152388","1655296219017",,
"Bobby Davis","Bobby.Davis@test.com","8015551212","1965-01-01","5d9bf1f7-0492-4bac-842b-3ed958fa5ba1","1655296152388","1655296200183",,
"Bobby Davis","Bobby.Davis@test.com","8015551212","1965-01-01","5d9bf1f7-0492-4bac-842b-3ed958fa5ba1","1655296152388","1655296237887",,"1655296237887"
"Bobby Davis","Bobby.Davis@test.com","8015551212","1965-01-01","5d9bf1f7-0492-4bac-842b-3ed958fa5ba1","1655296152388","1655296281925",,
"Bobby Davis","Bobby.Davis@test.com","8015551212","1965-01-01","5d9bf1f7-0492-4bac-842b-3ed958fa5ba1","1655296152388","1655296196372",,"1655296196372"
"Bobby Davis","Bobby.Davis@test.com","8015551212","1965-01-01","5d9bf1f7-0492-4bac-842b-3ed958fa5ba1","1655296152388","1655296257974",,"1655296257974"
"Bobby Davis","Bobby.Davis@test.com","8015551212","1965-01-01","5d9bf1f7-0492-4bac-842b-3ed958fa5ba1","1655296152388","1655296275281",,
"Bobby Davis","Bobby.Davis@test.com","8015551212","1965-01-01","5d9bf1f7-0492-4bac-842b-3ed958fa5ba1","1655296152388","1655296202573",,"1655296202573"
"Bobby Davis","Bobby.Davis@test.com","8015551212","1965-01-01","5d9bf1f7-0492-4bac-842b-3ed958fa5ba1","1655296152388","1655296356744",,"1655296356744"
"Bobby Davis","Bobby.Davis@test.com","8015551212","1965-01-01","5d9bf1f7-0492-4bac-842b-3ed958fa5ba1","1655296152388","1655296295370",,"1655296295370"
"Bobby Davis","Bobby.Davis@test.com","8015551212","1965-01-01","5d9bf1f7-0492-4bac-842b-3ed958fa5ba1","1655296152388","1655296368708",,
"Bobby Davis","Bobby.Davis@test.com","8015551212","1965-01-01","5d9bf1f7-0492-4bac-842b-3ed958fa5ba1","1655296152388","1655296328791",,
"Chris Harris","Chris.Harris@test.com","8015551212","1965-01-01","98f63a4a-3a69-4fc2-81d8-0102ce882da0","1655562400433","1655562460723",,
"Bobby Davis","Bobby.Davis@test.com","8015551212","1965-01-01","5d9bf1f7-0492-4bac-842b-3ed958fa5ba1","1655296152388","1655296236593",,"1655296236593"
"Bobby Davis","Bobby.Davis@test.com","8015551212","1965-01-01","5d9bf1f7-0492-4bac-842b-3ed958fa5ba1","1655296152388","1655296309899",,"1655296309899"
"Bobby Davis","Bobby.Davis@test.com","8015551212","1965-01-01","5d9bf1f7-0492-4bac-842b-3ed958fa5ba1","1655296152388","1655296336681",,"1655296336681"
"Bobby Davis","Bobby.Davis@test.com","8015551212","1965-01-01","5d9bf1f7-0492-4bac-842b-3ed958fa5ba1","1655296152388","1655296352961",,"1655296352961"
"Bobby Davis","Bobby.Davis@test.com","8015551212","1965-01-01","5d9bf1f7-0492-4bac-842b-3ed958fa5ba1","1655296152388","1655296200033",,"1655296200033"
"Bobby Davis","Bobby.Davis@test.com","8015551212","1965-01-01","5d9bf1f7-0492-4bac-842b-3ed958fa5ba1","1655296152388","1655296209200",,
"Bobby Davis","Bobby.Davis@test.com","8015551212","1965-01-01","5d9bf1f7-0492-4bac-842b-3ed958fa5ba1","1655296152388","1655296196129",,
"Bobby Davis","Bobby.Davis@test.com","8015551212","1965-01-01","5d9bf1f7-0492-4bac-842b-3ed958fa5ba1","1655296152388","1655296223736",,"1655296223736"
"Bobby Davis","Bobby.Davis@test.com","8015551212","1965-01-01","5d9bf1f7-0492-4bac-842b-3ed958fa5ba1","1655296152388","1655296379668",,"1655296379668"
"Bobby Davis","Bobby.Davis@test.com","8015551212","1965-01-01","5d9bf1f7-0492-4bac-842b-3ed958fa5ba1","1655296152388","1655296295104",,
"Bobby Davis","Bobby.Davis@test.com","8015551212","1965-01-01","5d9bf1f7-0492-4bac-842b-3ed958fa5ba1","1655296152388","1655296199389",,"1655296199389"
"Bobby Davis","Bobby.Davis@test.com","8015551212","1965-01-01","5d9bf1f7-0492-4bac-842b-3ed958fa5ba1","1655296152388","1655296360783",,
"Bobby Davis","Bobby.Davis@test.com","8015551212","1965-01-01","5d9bf1f7-0492-4bac-842b-3ed958fa5ba1","1655296152388","1655296201406",,
"Bobby Davis","Bobby.Davis@test.com","8015551212","1965-01-01","5d9bf1f7-0492-4bac-842b-3ed958fa5ba1","1655296152388","1655296201864",,
"Bobby Davis","Bobby.Davis@test.com","8015551212","1965-01-01","5d9bf1f7-0492-4bac-842b-3ed958fa5ba1","1655296152388","1655296273412",,"1655296273412"
"Bobby Davis","Bobby.Davis@test.com","8015551212","1965-01-01","5d9bf1f7-0492-4bac-842b-3ed958fa5ba1","1655296152388","1655296324690",,"1655296324690"
"Bobby Davis","Bobby.Davis@test.com","8015551212","1965-01-01","5d9bf1f7-0492-4bac-842b-3ed958fa5ba1","1655296152388","1655296291627",,
"Bobby Davis","Bobby.Davis@test.com","8015551212","1965-01-01","5d9bf1f7-0492-4bac-842b-3ed958fa5ba1","1655296152388","1655296278736",,
"Bobby Davis","Bobby.Davis@test.com","8015551212","1965-01-01","5d9bf1f7-0492-4bac-842b-3ed958fa5ba1","1655296152388","1655296341049",,"1655296341049"
"Bobby Davis","Bobby.Davis@test.com","8015551212","1965-01-01","5d9bf1f7-0492-4bac-842b-3ed958fa5ba1","1655296152388","1655296200897",,
"Bobby Davis","Bobby.Davis@test.com","8015551212","1965-01-01","5d9bf1f7-0492-4bac-842b-3ed958fa5ba1","1655296152388","1655296195375",,"1655296195375"
"Bobby Davis","Bobby.Davis@test.com","8015551212","1965-01-01","5d9bf1f7-0492-4bac-842b-3ed958fa5ba1","1655296152388","1655296224031",,
"Bobby Davis","Bobby.Davis@test.com","8015551212","1965-01-01","5d9bf1f7-0492-4bac-842b-3ed958fa5ba1","1655296152388","1655296214245",,
"Bobby Davis","Bobby.Davis@test.com","8015551212","1965-01-01","5d9bf1f7-0492-4bac-842b-3ed958fa5ba1","1655296152388","1655296373429",,
"Bobby Davis","Bobby.Davis@test.com","8015551212","1965-01-01","5d9bf1f7-0492-4bac-842b-3ed958fa5ba1","1655296152388","1655296362359",,
"Bobby Davis","Bobby.Davis@test.com","8015551212","1965-01-01","5d9bf1f7-0492-4bac-842b-3ed958fa5ba1","1655296152388","1655296249562",,
"Bobby Davis","Bobby.Davis@test.com","8015551212","1965-01-01","5d9bf1f7-0492-4bac-842b-3ed958fa5ba1","1655296152388","1655296378095",,
"Bobby Davis","Bobby.Davis@test.com","8015551212","1965-01-01","5d9bf1f7-0492-4bac-842b-3ed958fa5ba1","1655296152388","1655296245445",,"1655296245445"
"Bobby Davis","Bobby.Davis@test.com","8015551212","1965-01-01","5d9bf1f7-0492-4bac-842b-3ed958fa5ba1","1655296152388","1655296208869",,"1655296208869"
"Bobby Davis","Bobby.Davis@test.com","8015551212","1965-01-01","5d9bf1f7-0492-4bac-842b-3ed958fa5ba1","1655296152388","1655296363984",,"1655296363984"
"Bobby Davis","Bobby.Davis@test.com","8015551212","1965-01-01","5d9bf1f7-0492-4bac-842b-3ed958fa5ba1","1655296152388","1655296328188",,"1655296328188"
"Bobby Davis","Bobby.Davis@test.com","8015551212","1965-01-01","5d9bf1f7-0492-4bac-842b-3ed958fa5ba1","1655296152388","1655296200123",,"1655296200123"
"Bobby Davis","Bobby.Davis@test.com","8015551212","1965-01-01","5d9bf1f7-0492-4bac-842b-3ed958fa5ba1","1655296152388","1655296217413",,"1655296217413"
"Bobby Davis","Bobby.Davis@test.com","8015551212","1965-01-01","5d9bf1f7-0492-4bac-842b-3ed958fa5ba1","1655296152388","1655296307397",,
"Sarah Jefferson","Sarah.Jefferson@test.com","8015551212","1965-01-01","e8fb336f-0ccb-4018-9e86-c9cddaad69fa","1655564084926","1655564157237",,
"Bobby Davis","Bobby.Davis@test.com","8015551212","1965-01-01","5d9bf1f7-0492-4bac-842b-3ed958fa5ba1","1655296152388","1655296296045",,"1655296296045"
"Bobby Davis","Bobby.Davis@test.com","8015551212","1965-01-01","5d9bf1f7-0492-4bac-842b-3ed958fa5ba1","1655296152388","1655296343273",,"1655296343273"
"Bobby Davis","Bobby.Davis@test.com","8015551212","1965-01-01","5d9bf1f7-0492-4bac-842b-3ed958fa5ba1","1655296152388","1655296201099",,"1655296201099"
"Bobby Davis","Bobby.Davis@test.com","8015551212","1965-01-01","5d9bf1f7-0492-4bac-842b-3ed958fa5ba1","1655296152388","1655296287247",,"1655296287247"
"Chris Harris","Chris.Harris@test.com","8015551212","1965-01-01","98f63a4a-3a69-4fc2-81d8-0102ce882da0","1655562400433","1655562400433",,"1655562400433"
"Bobby Davis","Bobby.Davis@test.com","8015551212","1965-01-01","5d9bf1f7-0492-4bac-842b-3ed958fa5ba1","1655296152388","1655296304232",,
"Bobby Davis","Bobby.Davis@test.com","8015551212","1965-01-01","5d9bf1f7-0492-4bac-842b-3ed958fa5ba1","1655296152388","1655296247649",,"1655296247649"
"Bobby Davis","Bobby.Davis@test.com","8015551212","1965-01-01","5d9bf1f7-0492-4bac-842b-3ed958fa5ba1","1655296152388","1655296275944",,"1655296275944"
"Bobby Davis","Bobby.Davis@test.com","8015551212","1965-01-01","5d9bf1f7-0492-4bac-842b-3ed958fa5ba1","1655296152388","1655296200440",,"1655296200440"
"Bobby Davis","Bobby.Davis@test.com","8015551212","1965-01-01","5d9bf1f7-0492-4bac-842b-3ed958fa5ba1","1655296152388","1655296388164",,"1655296388164"
"Bobby Davis","Bobby.Davis@test.com","8015551212","1965-01-01","5d9bf1f7-0492-4bac-842b-3ed958fa5ba1","1655296152388","1655296349522",,"1655296349522"
"Senthil Wu","Senthil.Wu@test.com","8015551212","1965-01-01","51fe4a0b-84bf-4fd8-ac10-638481219601","1655296531436","1655296531437",,"1655296531437"
"Edward Hansen","Edward.Hansen@test.com","8015551212","1965-01-01","3d0d9f74-797c-42c9-8d5f-af151abaedcd","1655561985943","1655561985943",,"1655561985943"
"Bobby Davis","Bobby.Davis@test.com","8015551212","1965-01-01","5d9bf1f7-0492-4bac-842b-3ed958fa5ba1","1655296152388","1655296324077",,
"Bobby Davis","Bobby.Davis@test.com","8015551212","1965-01-01","5d9bf1f7-0492-4bac-842b-3ed958fa5ba1","1655296152388","1655296311498",,
"Bobby Davis","Bobby.Davis@test.com","8015551212","1965-01-01","5d9bf1f7-0492-4bac-842b-3ed958fa5ba1","1655296152388","1655296355472",,
"Bobby Davis","Bobby.Davis@test.com","8015551212","1965-01-01","5d9bf1f7-0492-4bac-842b-3ed958fa5ba1","1655296152388","1655296386566",,
"Bobby Davis","Bobby.Davis@test.com","8015551212","1965-01-01","5d9bf1f7-0492-4bac-842b-3ed958fa5ba1","1655296152388","1655296319011",,
"Bobby Davis","Bobby.Davis@test.com","8015551212","1965-01-01","5d9bf1f7-0492-4bac-842b-3ed958fa5ba1","1655296152388","1655296342636",,"1655296342636"
"Bobby Davis","Bobby.Davis@test.com","8015551212","1965-01-01","5d9bf1f7-0492-4bac-842b-3ed958fa5ba1","1655296152388","1655296235351",,
"Bobby Davis","Bobby.Davis@test.com","8015551212","1965-01-01","5d9bf1f7-0492-4bac-842b-3ed958fa5ba1","1655296152388","1655296262476",,
"Bobby Davis","Bobby.Davis@test.com","8015551212","1965-01-01","5d9bf1f7-0492-4bac-842b-3ed958fa5ba1","1655296152388","1655296252059",,
"Bobby Davis","Bobby.Davis@test.com","8015551212","1965-01-01","5d9bf1f7-0492-4bac-842b-3ed958fa5ba1","1655296152388","1655296298886",,"1655296298886"
"Bobby Davis","Bobby.Davis@test.com","8015551212","1965-01-01","5d9bf1f7-0492-4bac-842b-3ed958fa5ba1","1655296152388","1655296380582",,
"Bobby Davis","Bobby.Davis@test.com","8015551212","1965-01-01","5d9bf1f7-0492-4bac-842b-3ed958fa5ba1","1655296152388","1655296351386",,
"Bobby Davis","Bobby.Davis@test.com","8015551212","1965-01-01","5d9bf1f7-0492-4bac-842b-3ed958fa5ba1","1655296152388","1655296324996",,"1655296324996"
"Bobby Davis","Bobby.Davis@test.com","8015551212","1965-01-01","5d9bf1f7-0492-4bac-842b-3ed958fa5ba1","1655296152388","1655296201606",,"1655296201606"
"Bobby Davis","Bobby.Davis@test.com","8015551212","1965-01-01","5d9bf1f7-0492-4bac-842b-3ed958fa5ba1","1655296152388","1655296381506",,"1655296381506"
"Bobby Davis","Bobby.Davis@test.com","8015551212","1965-01-01","5d9bf1f7-0492-4bac-842b-3ed958fa5ba1","1655296152388","1655296191789",,"1655296191789"
"Bobby Davis","Bobby.Davis@test.com","8015551212","1965-01-01","5d9bf1f7-0492-4bac-842b-3ed958fa5ba1","1655296152388","1655296271509",,"1655296271509"
"Bobby Davis","Bobby.Davis@test.com","8015551212","1965-01-01","5d9bf1f7-0492-4bac-842b-3ed958fa5ba1","1655296152388","1655296221230",,
"Bobby Davis","Bobby.Davis@test.com","8015551212","1965-01-01","5d9bf1f7-0492-4bac-842b-3ed958fa5ba1","1655296152388","1655296274351",,"1655296274351"
"Bobby Davis","Bobby.Davis@test.com","8015551212","1965-01-01","5d9bf1f7-0492-4bac-842b-3ed958fa5ba1","1655296152388","1655296384355",,
"Christina Huey","Christina.Huey@test.com","8015551212","1965-01-01","ece6edf8-a14c-4489-a41c-98fe1b72b059","1655296628628","1655296628628",,
"Bobby Davis","Bobby.Davis@test.com","8015551212","1965-01-01","5d9bf1f7-0492-4bac-842b-3ed958fa5ba1","1655296152388","1655296276550",,"1655296276550"
"Bobby Davis","Bobby.Davis@test.com","8015551212","1965-01-01","5d9bf1f7-0492-4bac-842b-3ed958fa5ba1","1655296152388","1655296299195",,
"Bobby Davis","Bobby.Davis@test.com","8015551212","1965-01-01","5d9bf1f7-0492-4bac-842b-3ed958fa5ba1","1655296152388","1655296293194",,"1655296293194"
"Bobby Davis","Bobby.Davis@test.com","8015551212","1965-01-01","5d9bf1f7-0492-4bac-842b-3ed958fa5ba1","1655296152388","1655296219979",,
"Bobby Davis","Bobby.Davis@test.com","8015551212","1965-01-01","5d9bf1f7-0492-4bac-842b-3ed958fa5ba1","1655296152388","1655296352315",,"1655296352315"
"Bobby Davis","Bobby.Davis@test.com","8015551212","1965-01-01","5d9bf1f7-0492-4bac-842b-3ed958fa5ba1","1655296152388","1655296286619",,"1655296286619"
"Bobby Davis","Bobby.Davis@test.com","8015551212","1965-01-01","5d9bf1f7-0492-4bac-842b-3ed958fa5ba1","1655296152388","1655296199792",,
"Bobby Davis","Bobby.Davis@test.com","8015551212","1965-01-01","5d9bf1f7-0492-4bac-842b-3ed958fa5ba1","1655296152388","1655296192234",,"1655296192234"
"Bobby Davis","Bobby.Davis@test.com","8015551212","1965-01-01","5d9bf1f7-0492-4bac-842b-3ed958fa5ba1","1655296152388","1655296384023",,
"Bobby Davis","Bobby.Davis@test.com","8015551212","1965-01-01","5d9bf1f7-0492-4bac-842b-3ed958fa5ba1","1655296152388","1655296345119",,
"Bobby Davis","Bobby.Davis@test.com","8015551212","1965-01-01","5d9bf1f7-0492-4bac-842b-3ed958fa5ba1","1655296152388","1655296197080",,"1655296197080"
"Bobby Davis","Bobby.Davis@test.com","8015551212","1965-01-01","5d9bf1f7-0492-4bac-842b-3ed958fa5ba1","1655296152388","1655296359559",,
"Bobby Davis","Bobby.Davis@test.com","8015551212","1965-01-01","5d9bf1f7-0492-4bac-842b-3ed958fa5ba1","1655296152388","1655296374682",,"1655296374682"
"Bobby Davis","Bobby.Davis@test.com","8015551212","1965-01-01","5d9bf1f7-0492-4bac-842b-3ed958fa5ba1","1655296152388","1655296194485",,
"Bobby Davis","Bobby.Davis@test.com","8015551212","1965-01-01","5d9bf1f7-0492-4bac-842b-3ed958fa5ba1","1655296152388","1655296230936",,
"Bobby Davis","Bobby.Davis@test.com","8015551212","1965-01-01","5d9bf1f7-0492-4bac-842b-3ed958fa5ba1","1655296152388","1655296260843",,"1655296260843"
"Bobby Davis","Bobby.Davis@test.com","8015551212","1965-01-01","5d9bf1f7-0492-4bac-842b-3ed958fa5ba1","1655296152388","1655296262149",,"1655296262149"
"Bobby Davis","Bobby.Davis@test.com","8015551212","1965-01-01","5d9bf1f7-0492-4bac-842b-3ed958fa5ba1","1655296152388","1655296297298",,"1655296297298"
"Bobby Davis","Bobby.Davis@test.com","8015551212","1965-01-01","5d9bf1f7-0492-4bac-842b-3ed958fa5ba1","1655296152388","1655296280997",,
"Bobby Davis","Bobby.Davis@test.com","8015551212","1965-01-01","5d9bf1f7-0492-4bac-842b-3ed958fa5ba1","1655296152388","1655296195015",,"1655296195015"
"Bobby Davis","Bobby.Davis@test.com","8015551212","1965-01-01","5d9bf1f7-0492-4bac-842b-3ed958fa5ba1","1655296152388","1655296200519",,"1655296200519"
"Bobby Davis","Bobby.Davis@test.com","8015551212","1965-01-01","5d9bf1f7-0492-4bac-842b-3ed958fa5ba1","1655296152388","1655296238826",,
"Bobby Davis","Bobby.Davis@test.com","8015551212","1965-01-01","5d9bf1f7-0492-4bac-842b-3ed958fa5ba1","1655296152388","1655296341693",,"1655296341693"
"Bobby Davis","Bobby.Davis@test.com","8015551212","1965-01-01","5d9bf1f7-0492-4bac-842b-3ed958fa5ba1","1655296152388","1655296369355",,"1655296369355"
"Bobby Davis","Bobby.Davis@test.com","8015551212","1965-01-01","5d9bf1f7-0492-4bac-842b-3ed958fa5ba1","1655296152388","1655296234708",,"1655296234708"
"Bobby Davis","Bobby.Davis@test.com","8015551212","1965-01-01","5d9bf1f7-0492-4bac-842b-3ed958fa5ba1","1655296152388","1655296215225",,
"Bobby Davis","Bobby.Davis@test.com","8015551212","1965-01-01","5d9bf1f7-0492-4bac-842b-3ed958fa5ba1","1655296152388","1655296201949",,
"Bobby Davis","Bobby.Davis@test.com","8015551212","1965-01-01","5d9bf1f7-0492-4bac-842b-3ed958fa5ba1","1655296152388","1655296240077",,
"Bobby Davis","Bobby.Davis@test.com","8015551212","1965-01-01","5d9bf1f7-0492-4bac-842b-3ed958fa5ba1","1655296152388","1655296259589",,
"Bobby Davis","Bobby.Davis@test.com","8015551212","1965-01-01","5d9bf1f7-0492-4bac-842b-3ed958fa5ba1","1655296152388","1655296371526",,
"Bobby Davis","Bobby.Davis@test.com","8015551212","1965-01-01","5d9bf1f7-0492-4bac-842b-3ed958fa5ba1","1655296152388","1655296247989",,
"Bobby Davis","Bobby.Davis@test.com","8015551212","1965-01-01","5d9bf1f7-0492-4bac-842b-3ed958fa5ba1","1655296152388","1655296200014",,"1655296200014"
"Bobby Davis","Bobby.Davis@test.com","8015551212","1965-01-01","5d9bf1f7-0492-4bac-842b-3ed958fa5ba1","1655296152388","1655296327524",,"1655296327524"
"Bobby Davis","Bobby.Davis@test.com","8015551212","1965-01-01","5d9bf1f7-0492-4bac-842b-3ed958fa5ba1","1655296152388","1655296192004",,"1655296192004"
"Bobby Davis","Bobby.Davis@test.com","8015551212","1965-01-01","5d9bf1f7-0492-4bac-842b-3ed958fa5ba1","1655296152388","1655296377143",,
"Bobby Davis","Bobby.Davis@test.com","8015551212","1965-01-01","5d9bf1f7-0492-4bac-842b-3ed958fa5ba1","1655296152388","1655296357656",,
"Bobby Davis","Bobby.Davis@test.com","8015551212","1965-01-01","5d9bf1f7-0492-4bac-842b-3ed958fa5ba1","1655296152388","1655296388814",,"1655296388814"
"Bobby Davis","Bobby.Davis@test.com","8015551212","1965-01-01","5d9bf1f7-0492-4bac-842b-3ed958fa5ba1","1655296152388","1655296251093",,"1655296251093"
"Neeraj Clark","Neeraj.Clark@test.com","8015551212","1965-01-01","abd440f9-cd9f-4fbf-a0ee-26c3fe080a31","1655563191848","1655563191848",,
"Bobby Davis","Bobby.Davis@test.com","8015551212","1965-01-01","5d9bf1f7-0492-4bac-842b-3ed958fa5ba1","1655296152388","1655296270259",,"1655296270259"
"Bobby Davis","Bobby.Davis@test.com","8015551212","1965-01-01","5d9bf1f7-0492-4bac-842b-3ed958fa5ba1","1655296152388","1655296365839",,"1655296365839"
"Bobby Davis","Bobby.Davis@test.com","8015551212","1965-01-01","5d9bf1f7-0492-4bac-842b-3ed958fa5ba1","1655296152388","1655296352037",,"1655296352037"
"Bobby Davis","Bobby.Davis@test.com","8015551212","1965-01-01","5d9bf1f7-0492-4bac-842b-3ed958fa5ba1","1655296152388","1655296246707",,
"Bobby Davis","Bobby.Davis@test.com","8015551212","1965-01-01","5d9bf1f7-0492-4bac-842b-3ed958fa5ba1","1655296152388","1655296354228",,"1655296354228"
"Bobby Davis","Bobby.Davis@test.com","8015551212","1965-01-01","5d9bf1f7-0492-4bac-842b-3ed958fa5ba1","1655296152388","1655296201063",,
"Bobby Davis","Bobby.Davis@test.com","8015551212","1965-01-01","5d9bf1f7-0492-4bac-842b-3ed958fa5ba1","1655296152388","1655296239154",,"1655296239154"
"Bobby Davis","Bobby.Davis@test.com","8015551212","1965-01-01","5d9bf1f7-0492-4bac-842b-3ed958fa5ba1","1655296152388","1655296213639",,
"Bobby Davis","Bobby.Davis@test.com","8015551212","1965-01-01","5d9bf1f7-0492-4bac-842b-3ed958fa5ba1","1655296152388","1655296319936",,"1655296319936"
"Bobby Davis","Bobby.Davis@test.com","8015551212","1965-01-01","5d9bf1f7-0492-4bac-842b-3ed958fa5ba1","1655296152388","1655296286343",,"1655296286343"
"Bobby Davis","Bobby.Davis@test.com","8015551212","1965-01-01","5d9bf1f7-0492-4bac-842b-3ed958fa5ba1","1655296152388","1655296310832",,"1655296310832"
"Bobby Davis","Bobby.Davis@test.com","8015551212","1965-01-01","5d9bf1f7-0492-4bac-842b-3ed958fa5ba1","1655296152388","1655296200773",,"1655296200773"
"Bobby Davis","Bobby.Davis@test.com","8015551212","1965-01-01","5d9bf1f7-0492-4bac-842b-3ed958fa5ba1","1655296152388","1655296282850",,
"Bobby Davis","Bobby.Davis@test.com","8015551212","1965-01-01","5d9bf1f7-0492-4bac-842b-3ed958fa5ba1","1655296152388","1655296333799",,"1655296333799"
"Bobby Davis","Bobby.Davis@test.com","8015551212","1965-01-01","5d9bf1f7-0492-4bac-842b-3ed958fa5ba1","1655296152388","1655296200201",,
"Bobby Davis","Bobby.Davis@test.com","8015551212","1965-01-01","5d9bf1f7-0492-4bac-842b-3ed958fa5ba1","1655296152388","1655296248920",,"1655296248920"
"Bobby Davis","Bobby.Davis@test.com","8015551212","1965-01-01","5d9bf1f7-0492-4bac-842b-3ed958fa5ba1","1655296152388","1655296361714",,
"Bobby Davis","Bobby.Davis@test.com","8015551212","1965-01-01","5d9bf1f7-0492-4bac-842b-3ed958fa5ba1","1655296152388","1655296268681",,"1655296268681"
"Bobby Davis","Bobby.Davis@test.com","8015551212","1965-01-01","5d9bf1f7-0492-4bac-842b-3ed958fa5ba1","1655296152388","1655296301068",,
"Bobby Davis","Bobby.Davis@test.com","8015551212","1965-01-01","5d9bf1f7-0492-4bac-842b-3ed958fa5ba1","1655296152388","1655296255145",,"1655296255145"
"Bobby Davis","Bobby.Davis@test.com","8015551212","1965-01-01","5d9bf1f7-0492-4bac-842b-3ed958fa5ba1","1655296152388","1655296272455",,
"Christina Mitra","Christina.Mitra@test.com","8015551212","1965-01-01","8dc540af-f7fe-4c06-9d5c-a682910d7fdc","1655471525344","1655471525344",,"1655471525344"
"Bobby Davis","Bobby.Davis@test.com","8015551212","1965-01-01","5d9bf1f7-0492-4bac-842b-3ed958fa5ba1","1655296152388","1655296314341",,
"Bobby Davis","Bobby.Davis@test.com","8015551212","1965-01-01","5d9bf1f7-0492-4bac-842b-3ed958fa5ba1","1655296152388","1655296257047",,
"Bobby Davis","Bobby.Davis@test.com","8015551212","1965-01-01","5d9bf1f7-0492-4bac-842b-3ed958fa5ba1","1655296152388","1655296274019",,"1655296274019"
"Bobby Davis","Bobby.Davis@test.com","8015551212","1965-01-01","5d9bf1f7-0492-4bac-842b-3ed958fa5ba1","1655296152388","1655296265613",,"1655296265613"
"Bobby Davis","Bobby.Davis@test.com","8015551212","1965-01-01","5d9bf1f7-0492-4bac-842b-3ed958fa5ba1","1655296152388","1655296277815",,"1655296277815"
"Bobby Davis","Bobby.Davis@test.com","8015551212","1965-01-01","5d9bf1f7-0492-4bac-842b-3ed958fa5ba1","1655296152388","1655296361420",,
"Bobby Davis","Bobby.Davis@test.com","8015551212","1965-01-01","5d9bf1f7-0492-4bac-842b-3ed958fa5ba1","1655296152388","1655296366503",,
"Bobby Davis","Bobby.Davis@test.com","8015551212","1965-01-01","5d9bf1f7-0492-4bac-842b-3ed958fa5ba1","1655296152388","1655296193963",,"1655296193963"
"Bobby Davis","Bobby.Davis@test.com","8015551212","1965-01-01","5d9bf1f7-0492-4bac-842b-3ed958fa5ba1","1655296152388","1655296272764",,"1655296272764"
"Bobby Davis","Bobby.Davis@test.com","8015551212","1965-01-01","5d9bf1f7-0492-4bac-842b-3ed958fa5ba1","1655296152388","1655296201459",,"1655296201459"
"Bobby Davis","Bobby.Davis@test.com","8015551212","1965-01-01","5d9bf1f7-0492-4bac-842b-3ed958fa5ba1","1655296152388","1655296274650",,
"Bobby Davis","Bobby.Davis@test.com","8015551212","1965-01-01","5d9bf1f7-0492-4bac-842b-3ed958fa5ba1","1655296152388","1655296198655",,
"Bobby Davis","Bobby.Davis@test.com","8015551212","1965-01-01","5d9bf1f7-0492-4bac-842b-3ed958fa5ba1","1655296152388","1655296356130",,"1655296356130"
"Bobby Davis","Bobby.Davis@test.com","8015551212","1965-01-01","5d9bf1f7-0492-4bac-842b-3ed958fa5ba1","1655296152388","1655296337593",,
"Trevor Davis","Trevor.Davis@test.com","8015551212","1965-01-01","7c980f11-7df7-48fd-ab1b-a39faaabb8a4","1655471172999","1655471172999",,"1655471172999"
"Bobby Davis","Bobby.Davis@test.com","8015551212","1965-01-01","5d9bf1f7-0492-4bac-842b-3ed958fa5ba1","1655296152388","1655296212383",,
"Bobby Davis","Bobby.Davis@test.com","8015551212","1965-01-01","5d9bf1f7-0492-4bac-842b-3ed958fa5ba1","1655296152388","1655296374991",,
"Bobby Davis","Bobby.Davis@test.com","8015551212","1965-01-01","5d9bf1f7-0492-4bac-842b-3ed958fa5ba1","1655296152388","1655296193337",,
"Bobby Davis","Bobby.Davis@test.com","8015551212","1965-01-01","5d9bf1f7-0492-4bac-842b-3ed958fa5ba1","1655296152388","1655296201079",,"1655296201079"
"Bobby Davis","Bobby.Davis@test.com","8015551212","1965-01-01","5d9bf1f7-0492-4bac-842b-3ed958fa5ba1","1655296152388","1655296335374",,
"Bobby Davis","Bobby.Davis@test.com","8015551212","1965-01-01","5d9bf1f7-0492-4bac-842b-3ed958fa5ba1","1655296152388","1655296283770",,
"Bobby Davis","Bobby.Davis@test.com","8015551212","1965-01-01","5d9bf1f7-0492-4bac-842b-3ed958fa5ba1","1655296152388","1655296204170",,"1655296204170"
"Bobby Davis","Bobby.Davis@test.com","8015551212","1965-01-01","5d9bf1f7-0492-4bac-842b-3ed958fa5ba1","1655296152388","1655296233794",,
"Bobby Davis","Bobby.Davis@test.com","8015551212","1965-01-01","5d9bf1f7-0492-4bac-842b-3ed958fa5ba1","1655296152388","1655296381181",,"1655296381181"
"Bobby Davis","Bobby.Davis@test.com","8015551212","1965-01-01","5d9bf1f7-0492-4bac-842b-3ed958fa5ba1","1655296152388","1655296373710",,
"Bobby Davis","Bobby.Davis@test.com","8015551212","1965-01-01","5d9bf1f7-0492-4bac-842b-3ed958fa5ba1","1655296152388","1655296372782",,
"Bobby Davis","Bobby.Davis@test.com","8015551212","1965-01-01","5d9bf1f7-0492-4bac-842b-3ed958fa5ba1","1655296152388","1655296354876",,"1655296354876"
"Bobby Davis","Bobby.Davis@test.com","8015551212","1965-01-01","5d9bf1f7-0492-4bac-842b-3ed958fa5ba1","1655296152388","1655296319343",,"1655296319343"
"Bobby Davis","Bobby.Davis@test.com","8015551212","1965-01-01","5d9bf1f7-0492-4bac-842b-3ed958fa5ba1","1655296152388","1655296387235",,
"Bobby Davis","Bobby.Davis@test.com","8015551212","1965-01-01","5d9bf1f7-0492-4bac-842b-3ed958fa5ba1","1655296152388","1655296346061",,
"Bobby Davis","Bobby.Davis@test.com","8015551212","1965-01-01","5d9bf1f7-0492-4bac-842b-3ed958fa5ba1","1655296152388","1655296346685",,
"Bobby Davis","Bobby.Davis@test.com","8015551212","1965-01-01","5d9bf1f7-0492-4bac-842b-3ed958fa5ba1","1655296152388","1655296200702",,"1655296200702"
"Bobby Davis","Bobby.Davis@test.com","8015551212","1965-01-01","5d9bf1f7-0492-4bac-842b-3ed958fa5ba1","1655296152388","1655296315256",,
"Bobby Davis","Bobby.Davis@test.com","8015551212","1965-01-01","5d9bf1f7-0492-4bac-842b-3ed958fa5ba1","1655296152388","1655296363649",,
"Bobby Davis","Bobby.Davis@test.com","8015551212","1965-01-01","5d9bf1f7-0492-4bac-842b-3ed958fa5ba1","1655296152388","1655296217077",,"1655296217077"
"Bobby Davis","Bobby.Davis@test.com","8015551212","1965-01-01","5d9bf1f7-0492-4bac-842b-3ed958fa5ba1","1655296152388","1655296330679",,
"Bobby Davis","Bobby.Davis@test.com","8015551212","1965-01-01","5d9bf1f7-0492-4bac-842b-3ed958fa5ba1","1655296152388","1655296199009",,"1655296199009"
"Bobby Davis","Bobby.Davis@test.com","8015551212","1965-01-01","5d9bf1f7-0492-4bac-842b-3ed958fa5ba1","1655296152388","1655296199976",,"1655296199976"
"Bobby Davis","Bobby.Davis@test.com","8015551212","1965-01-01","5d9bf1f7-0492-4bac-842b-3ed958fa5ba1","1655296152388","1655296200793",,
"Bobby Davis","Bobby.Davis@test.com","8015551212","1965-01-01","5d9bf1f7-0492-4bac-842b-3ed958fa5ba1","1655296152388","1655296306158",,
"Bobby Davis","Bobby.Davis@test.com","8015551212","1965-01-01","5d9bf1f7-0492-4bac-842b-3ed958fa5ba1","1655296152388","1655296326244",,
"Bobby Davis","Bobby.Davis@test.com","8015551212","1965-01-01","5d9bf1f7-0492-4bac-842b-3ed958fa5ba1","1655296152388","1655296371854",,"1655296371854"
"Bobby Davis","Bobby.Davis@test.com","8015551212","1965-01-01","5d9bf1f7-0492-4bac-842b-3ed958fa5ba1","1655296152388","1655296201673",,"1655296201673"
"Bobby Davis","Bobby.Davis@test.com","8015551212","1965-01-01","5d9bf1f7-0492-4bac-842b-3ed958fa5ba1","1655296152388","1655296220592",,
"Bobby Davis","Bobby.Davis@test.com","8015551212","1965-01-01","5d9bf1f7-0492-4bac-842b-3ed958fa5ba1","1655296152388","1655296382470",,"1655296382470"
"Bobby Davis","Bobby.Davis@test.com","8015551212","1965-01-01","5d9bf1f7-0492-4bac-842b-3ed958fa5ba1","1655296152388","1655296313103",,
"Bobby Davis","Bobby.Davis@test.com","8015551212","1965-01-01","5d9bf1f7-0492-4bac-842b-3ed958fa5ba1","1655296152388","1655296223415",,"1655296223415"
"Bobby Davis","Bobby.Davis@test.com","8015551212","1965-01-01","5d9bf1f7-0492-4bac-842b-3ed958fa5ba1","1655296152388","1655296244137",,"1655296244137"
"Bobby Davis","Bobby.Davis@test.com","8015551212","1965-01-01","5d9bf1f7-0492-4bac-842b-3ed958fa5ba1","1655296152388","1655296326577",,"1655296326577"
"Bobby Davis","Bobby.Davis@test.com","8015551212","1965-01-01","5d9bf1f7-0492-4bac-842b-3ed958fa5ba1","1655296152388","1655296292572",,"1655296292572"
"Bobby Davis","Bobby.Davis@test.com","8015551212","1965-01-01","5d9bf1f7-0492-4bac-842b-3ed958fa5ba1","1655296152388","1655296342955",,
"Bobby Davis","Bobby.Davis@test.com","8015551212","1965-01-01","5d9bf1f7-0492-4bac-842b-3ed958fa5ba1","1655296152388","1655296266534",,
"Bobby Davis","Bobby.Davis@test.com","8015551212","1965-01-01","5d9bf1f7-0492-4bac-842b-3ed958fa5ba1","1655296152388","1655296242277",,"1655296242277"
"Bobby Davis","Bobby.Davis@test.com","8015551212","1965-01-01","5d9bf1f7-0492-4bac-842b-3ed958fa5ba1","1655296152388","1655296228093",,"1655296228093"
"Bobby Davis","Bobby.Davis@test.com","8015551212","1965-01-01","5d9bf1f7-0492-4bac-842b-3ed958fa5ba1","1655296152388","1655296195553",,
"Bobby Davis","Bobby.Davis@test.com","8015551212","1965-01-01","5d9bf1f7-0492-4bac-842b-3ed958fa5ba1","1655296152388","1655296211132",,"1655296211132"
"Bobby Davis","Bobby.Davis@test.com","8015551212","1965-01-01","5d9bf1f7-0492-4bac-842b-3ed958fa5ba1","1655296152388","1655296210480",,"1655296210480"
"Bobby Davis","Bobby.Davis@test.com","8015551212","1965-01-01","5d9bf1f7-0492-4bac-842b-3ed958fa5ba1","1655296152388","1655296282258",,"1655296282258"
"Bobby Davis","Bobby.Davis@test.com","8015551212","1965-01-01","5d9bf1f7-0492-4bac-842b-3ed958fa5ba1","1655296152388","1655296270580",,"1655296270580"
"Bobby Davis","Bobby.Davis@test.com","8015551212","1965-01-01","5d9bf1f7-0492-4bac-842b-3ed958fa5ba1","1655296152388","1655296321847",,
"Bobby Davis","Bobby.Davis@test.com","8015551212","1965-01-01","5d9bf1f7-0492-4bac-842b-3ed958fa5ba1","1655296152388","1655296281254",,
"Bobby Davis","Bobby.Davis@test.com","8015551212","1965-01-01","5d9bf1f7-0492-4bac-842b-3ed958fa5ba1","1655296152388","1655296309575",,"1655296309575"
"Bobby Davis","Bobby.Davis@test.com","8015551212","1965-01-01","5d9bf1f7-0492-4bac-842b-3ed958fa5ba1","1655296152388","1655296191558",,
"Bobby Davis","Bobby.Davis@test.com","8015551212","1965-01-01","5d9bf1f7-0492-4bac-842b-3ed958fa5ba1","1655296152388","1655296241028",,
"Bobby Davis","Bobby.Davis@test.com","8015551212","1965-01-01","5d9bf1f7-0492-4bac-842b-3ed958fa5ba1","1655296152388","1655296271221",,"1655296271221"
"Bobby Davis","Bobby.Davis@test.com","8015551212","1965-01-01","5d9bf1f7-0492-4bac-842b-3ed958fa5ba1","1655296152388","1655296380270",,"1655296380270"
"Bobby Davis","Bobby.Davis@test.com","8015551212","1965-01-01","5d9bf1f7-0492-4bac-842b-3ed958fa5ba1","1655296152388","1655296280318",,"1655296280318"
"Bobby Davis","Bobby.Davis@test.com","8015551212","1965-01-01","5d9bf1f7-0492-4bac-842b-3ed958fa5ba1","1655296152388","1655296356413",,
"Bobby Davis","Bobby.Davis@test.com","8015551212","1965-01-01","5d9bf1f7-0492-4bac-842b-3ed958fa5ba1","1655296152388","1655296201029",,"1655296201029"
"Bobby Davis","Bobby.Davis@test.com","8015551212","1965-01-01","5d9bf1f7-0492-4bac-842b-3ed958fa5ba1","1655296152388","1655296312773",,
"Bobby Davis","Bobby.Davis@test.com","8015551212","1965-01-01","5d9bf1f7-0492-4bac-842b-3ed958fa5ba1","1655296152388","1655296200144",,
"Bobby Davis","Bobby.Davis@test.com","8015551212","1965-01-01","5d9bf1f7-0492-4bac-842b-3ed958fa5ba1","1655296152388","1655296387830",,"1655296387830"
"Bobby Davis","Bobby.Davis@test.com","8015551212","1965-01-01","5d9bf1f7-0492-4bac-842b-3ed958fa5ba1","1655296152388","1655296201630",,"1655296201630"
"Bobby Davis","Bobby.Davis@test.com","8015551212","1965-01-01","5d9bf1f7-0492-4bac-842b-3ed958fa5ba1","1655296152388","1655296312096",,
"Bobby Davis","Bobby.Davis@test.com","8015551212","1965-01-01","5d9bf1f7-0492-4bac-842b-3ed958fa5ba1","1655296152388","1655296265292",,
"Bobby Davis","Bobby.Davis@test.com","8015551212","1965-01-01","5d9bf1f7-0492-4bac-842b-3ed958fa5ba1","1655296152388","1655296370598",,
"Bobby Davis","Bobby.Davis@test.com","8015551212","1965-01-01","5d9bf1f7-0492-4bac-842b-3ed958fa5ba1","1655296152388","1655296258314",,
"Bobby Davis","Bobby.Davis@test.com","8015551212","1965-01-01","5d9bf1f7-0492-4bac-842b-3ed958fa5ba1","1655296152388","1655296274946",,"1655296274946"
"Bobby Davis","Bobby.Davis@test.com","8015551212","1965-01-01","5d9bf1f7-0492-4bac-842b-3ed958fa5ba1","1655296152388","1655296275619",,
"Bobby Davis","Bobby.Davis@test.com","8015551212","1965-01-01","5d9bf1f7-0492-4bac-842b-3ed958fa5ba1","1655296152388","1655296302644",,
"Bobby Davis","Bobby.Davis@test.com","8015551212","1965-01-01","5d9bf1f7-0492-4bac-842b-3ed958fa5ba1","1655296152388","1655296246975",,"1655296246975"
"Bobby Davis","Bobby.Davis@test.com","8015551212","1965-01-01","5d9bf1f7-0492-4bac-842b-3ed958fa5ba1","1655296152388","1655296298218",,
"Bobby Davis","Bobby.Davis@test.com","8015551212","1965-01-01","5d9bf1f7-0492-4bac-842b-3ed958fa5ba1","1655296152388","1655296319677",,
"Bobby Davis","Bobby.Davis@test.com","8015551212","1965-01-01","5d9bf1f7-0492-4bac-842b-3ed958fa5ba1","1655296152388","1655296339447",,"1655296339447"
"Bobby Davis","Bobby.Davis@test.com","8015551212","1965-01-01","5d9bf1f7-0492-4bac-842b-3ed958fa5ba1","1655296152388","1655296382775",,
"Bobby Davis","Bobby.Davis@test.com","8015551212","1965-01-01","5d9bf1f7-0492-4bac-842b-3ed958fa5ba1","1655296152388","1655296376850",,"1655296376850"
"Bobby Davis","Bobby.Davis@test.com","8015551212","1965-01-01","5d9bf1f7-0492-4bac-842b-3ed958fa5ba1","1655296152388","1655296303270",,"1655296303270"
"Bobby Davis","Bobby.Davis@test.com","8015551212","1965-01-01","5d9bf1f7-0492-4bac-842b-3ed958fa5ba1","1655296152388","1655296269335",,
"Bobby Davis","Bobby.Davis@test.com","8015551212","1965-01-01","5d9bf1f7-0492-4bac-842b-3ed958fa5ba1","1655296152388","1655296239780",,"1655296239780"
"Bobby Davis","Bobby.Davis@test.com","8015551212","1965-01-01","5d9bf1f7-0492-4bac-842b-3ed958fa5ba1","1655296152388","1655296290386",,"1655296290386"
"Bobby Davis","Bobby.Davis@test.com","8015551212","1965-01-01","5d9bf1f7-0492-4bac-842b-3ed958fa5ba1","1655296152388","1655296256731",,
"Bobby Davis","Bobby.Davis@test.com","8015551212","1965-01-01","5d9bf1f7-0492-4bac-842b-3ed958fa5ba1","1655296152388","1655296284099",,
